{"nibp": [0.6640051736786033, 0.9419880870796785], "direct_laryngoscopy": [0.3745175389924118, 0.9203751713267544], "ventilation_w_adjunct": [0.12079679327908506, 0.942004126119335], "exhaled": [0.9793098082230612, 0.2934645839044226], "peripheral_iv_line": [0.5554011615953947, 0.9201863778097589], "dl_view_3": [0.5193791069748679, 0.9420278662966008], "lma_2_5": [0.3384455504105611, 0.9422331728572736], "video_laryngoscopy": [0.37457361443381193, 0.9422279131259138], "eye_protection": [0.019497888616777873, 0.9205752381441886], "lateral": [0.8362091580380284, 0.9863633183707967], "capnography": [0.6641874556107953, 0.9861761067708332], "fowler": [0.8361551959510815, 0.964258355034722], "dl_view_1": [0.4830675471304328, 0.9421592653508772], "ecg": [0.6639942535449063, 0.9202395547788742], "bronchoscope": [0.374580735202041, 0.9640837873492324], "sitting": [0.763657800896506, 0.986135959201389], "lma_n": [0.23891669071081917, 0.9526501165021931], "lma_2": [0.31128883617346365, 0.9419474683616592], "natural": [0.2389491449626819, 0.9198293728298613], "lma_5": [0.3384424811306943, 0.9640729366547881], "dl_view_2B": [0.48307233746542305, 0.9857786572551168], "trendelenburg": [0.835817783483478, 0.9200923451206142], "other_airway_device": [0.3746054948383921, 0.9860811974597956], "prone": [0.7635518450333931, 0.9420404245476971], "lma_4": [0.31128005957109117, 0.9639338792945907], "lithotomy": [0.7635700251383075, 0.9640273323282166], "desflurane": [0.14002809929125237, 0.29287284556606363], "warming": [0.01941187960489325, 0.9424072436951756], "dl_view_4": [0.519429349519039, 0.9640085263614765], "gastric_tube": [0.5554537306790147, 0.9860240971080044], "easy_ventilation": [0.12092031183805574, 0.9200412440606724], "sevoflurane": [0.10348839962121212, 0.29282387823807565], "difficult_ventilation": [0.12065055567301819, 0.9640881533260234], "ett_n": [0.23899093798283, 0.9855529485334431], "ted_stockings": [0.019442582685601388, 0.9643782751964545], "lma_3": [0.2841578165690104, 0.9636762181332238], "urinary_catheter": [0.5554447331040668, 0.9640256162052265], "reverse_trendelenburg": [0.8360488098241875, 0.942099186769006], "isoflurane": [0.020207430886689935, 0.2921123046875], "lma_1": [0.2840890352045329, 0.9418152383726242], "dl_view_2A": [0.48307642107755183, 0.9639145165158991], "inhaled": [0.9430393677731257, 0.2937332035533169], "supine": [0.7634042217248556, 0.9199488503974781], "central_iv_line": [0.5554198732026265, 0.9420639420001827], "temperature": [0.6641053647858105, 0.9640828279194078], "halothane": [0.05703608535693593, 0.29240771912691893], "safety_checklist": [0.019480006143426973, 0.9865548274168496]}