{"anes_start_hr_tens": [0.13911949943773674, 0.013369123236338298], "anes_start_hr_ones": [0.15721902003432767, 0.013571323691474069], "anes_start_min_tens": [0.22090960878314397, 0.014005410692426893], "anes_start_min_ones": [0.23869317626953124, 0.014041139072842069], "surg_start_hr_tens": [0.38360502485795456, 0.014187573273976645], "surg_start_hr_ones": [0.40164046593868374, 0.014254151185353597], "surg_start_min_tens": [0.46472482207327176, 0.014369942707485622], "surg_start_min_ones": [0.482512909860322, 0.0143140039867825], "surg_end_hr_tens": [0.618216258655895, 0.014513668547736275], "surg_end_hr_ones": [0.6361968698212594, 0.01455810898674859], "surg_end_min_tens": [0.6994017999822443, 0.014602517795562747], "surg_end_min_ones": [0.7172081187855114, 0.014667471663157145], "anes_end_hr_tens": [0.8719075076941287, 0.01352246109644572], "anes_end_hr_ones": [0.8902006613991477, 0.0132419000837538], "anes_end_min_tens": [0.9542928059895835, 0.012451155911551581], "anes_end_min_ones": [0.9722854743726327, 0.012303776582082112], "code_row00_col0": [0.01965130476518111, 0.059872158304850265], "code_row00_col1": [0.03787677683974757, 0.05999438798692491], "code_row00_col2": [0.055829354026100855, 0.06012187550862631], "code_row01_col0": [0.019576300996722598, 0.08334075283474392], "code_row01_col1": [0.038005254803281846, 0.08347510681152344], "code_row01_col2": [0.055974067225600735, 0.08371321411132812], "code_row02_col0": [0.019536614013440683, 0.10675453321668837], "code_row02_col1": [0.03806926241787997, 0.10688449096679689], "code_row02_col2": [0.05606221609404592, 0.10713659328884548], "code_row03_col0": [0.019595429189277418, 0.13005185885959203], "code_row03_col1": [0.03808548597856001, 0.13024395480685763], "code_row03_col2": [0.0561968080925219, 0.13051276109483506], "code_row04_col0": [0.019555827487598765, 0.1535512668185764], "code_row04_col1": [0.038117367831143466, 0.15380257636176214], "code_row04_col2": [0.056229486638849434, 0.1540682359483507], "code_row05_col0": [0.019590035062847715, 0.1770147413465712], "code_row05_col1": [0.038207032637162644, 0.17725083482530385], "code_row05_col2": [0.05621500997832327, 0.1775667419433594], "code_row06_col0": [0.019714153174198036, 0.20053575371636284], "code_row06_col1": [0.038278043804746684, 0.20075292290581595], "code_row06_col2": [0.056275177926728225, 0.20098105061848956], "code_row07_col0": [0.019722325642903646, 0.22393027140299476], "code_row07_col1": [0.03830903128421668, 0.2241332722981771], "code_row07_col2": [0.056377909573641694, 0.22438831041124127], "code_row08_col0": [0.01980833833867853, 0.24715672336154512], "code_row08_col1": [0.03837091885191022, 0.24729718424479166], "code_row08_col2": [0.05638481648763022, 0.24747532552083334], "code_row09_col0": [0.020114752104788115, 0.33702040744357636], "code_row09_col1": [0.038588575998942054, 0.33714195692274307], "code_row09_col2": [0.0565352713844993, 0.33719212103949653], "code_row10_col0": [0.020117323441938915, 0.3594726671006945], "code_row10_col1": [0.03865392812093099, 0.3595256863064237], "code_row10_col2": [0.05656009396639737, 0.3595597601996528], "ett_n_whole": [0.29325402092211167, 0.9849094346788195], "ett_n_frac": [0.31133834931344695, 0.98497509765625]}