{"male": [0.7097751102721293, 0.06405002027366595], "surg_hist_1_pneumonia": [0.8100601142749453, 0.20666120883874728], "1_own_finger": [0.38268726793012364, 0.5872511293288559], "major": [0.19050992780134823, 0.5074000793813962], "mouth_swelling": [0.6273365348073665, 0.2875367181789108], "asa_6": [0.017422484925679237, 0.48789099478024495], "surg_hist_2_other": [0.8829118987209678, 0.26609813667877374], "emergent": [0.19073120214532246, 0.4255852129306012], "greater_than_3_own_finger": [0.12675341787140523, 0.5681244717425075], "plastic": [0.37379505504261357, 0.426826399596811], "surg_hist_1_non_surgical_site_infection": [0.7555846973279255, 0.186982292309142], "mallampati_score_1": [0.12669704114801386, 0.5485069201731543], "surg_hist_2_ponv": [0.9380086243551885, 0.24618467239469122], "mallampati_score_2": [0.2271348467131741, 0.548474580820541], "pain_manage_po": [0.8281112510279606, 0.7462134445815058], "surg_hist_1_ards": [0.8920186516428676, 0.1869320917854532], "asa_5": [0.01751553287536524, 0.46738927151864035], "smoking_vaping": [0.016772940512479205, 0.16735742116113853], "gastric_ulcer": [0.40083001290401954, 0.22719218078970213], "surg_hist_1_aki": [0.6916554116670405, 0.20678199312979717], "neuro": [0.27308988044896954, 0.5074180515579313], "aldrete_breathing_1": [0.30001964465663, 0.7660942911069993], "hypertension": [0.10893891646341083, 0.20757844338221854], "absent": [0.1266993355636962, 0.6278613167032165], "arv": [0.6364134126264702, 0.30817699766995615], "urologic": [0.3738045753588516, 0.4676057799936039], "hiv": [0.19980895314680525, 0.2660010615120158], "sedation": [0.7183695397384621, 0.4868598775584795], "pain_manage_other": [0.8282147946882477, 0.8063414385165387], "difficult_breathing": [0.7188452070561703, 0.2868945905005025], "videoscopic": [0.053134612915428446, 0.5073434601722404], "cardiothoracic": [0.27309775612571024, 0.4061896915547331], "surg_hist_1_surgical_site_infection": [0.6370159045741128, 0.18737735681366502], "epidural": [0.7184261379211524, 0.4263995140031066], "epilepsy": [0.01723417288188538, 0.2665699327256944], "tuberculosis": [0.10883883243542537, 0.16731042980171784], "anticoagulant": [0.1633350548751807, 0.3072164249531707], "npo": [0.8101735462146132, 0.3862115300050255], "years": [0.5373552220784115, 0.0632548614858884], "surg_hist_2_aki": [0.6914529521157297, 0.26654664085343566], "difficult_airway": [0.10893976068572757, 0.18709245041518185], "hives_itching": [0.545887028695674, 0.2880258032369334], "female": [0.764400262908692, 0.06396781537686175], "surg_hist_1_dvt": [0.5913692813855039, 0.2072478502061632], "ent": [0.27312286425625504, 0.4265843391641539], "ponv_prevention": [0.47329231517737, 0.4676865034493787], "aldrete_activity_0": [0.5185560892643541, 0.7255351919430738], "vascular": [0.3737728964578972, 0.4879994988692435], "surg_hist_1_ponv": [0.9381198971883723, 0.1865940972936084], "gynecologic": [0.2732011031496087, 0.46755460040889985], "arrhythmia": [0.1997998592005582, 0.1670149750291256], "less_than_3_own_finger": [0.31874068313428283, 0.5680081708584612], "diabetes": [0.40083833490642445, 0.16738581642909356], "pain_manage_iv": [0.8281206292208682, 0.7265258432131761], "asthma": [0.01682352829587897, 0.2075829424941749], "asa_1": [0.01694081475289815, 0.38651900656181476], "spinal": [0.7184883957274222, 0.40605815329746897], "transplant": [0.3737721352219772, 0.44729789510805007], "open": [0.052969322508792174, 0.4879411706757126], "other_pain_medication": [0.7369941480232006, 0.3073918564110471], "ace_arb": [0.24580574291174495, 0.3074608232821637], "3_own_fingers": [0.12683198165285153, 0.5877105934187682], "esophageal_reflux": [0.40092395837227124, 0.24713143117804282], "surg_hist_2_stroke": [0.636694575405577, 0.26697450015419405], "trauma": [0.05301018150609455, 0.4264880378232366], "blood_transfusion_consent": [0.4733341977546849, 0.4263673952336897], "ICU": [0.9199869227067137, 0.746690088461714], "non_communicable_disease": [0.05269991216096771, 0.38646943744860196], "infection": [0.05310197577712257, 0.44623051586485746], "aldrete_consciousness_2": [0.0986424763997396, 0.8064659131144919], "opioids": [0.6820556153901267, 0.3077886827256944], "surg_hist_1_cardiac_arrest": [0.7280200351064097, 0.20661997798451207], "copd": [0.016883951701235734, 0.2270901325069673], "cirrhosis": [0.017024149582906968, 0.2467289310923794], "cancer": [0.1996101109262859, 0.22662557001838904], "mallampati_score_4": [0.41916687595787233, 0.547935761033443], "booking_for_blood": [0.8101040498529704, 0.4057844338221857], "surg_hist_2_dvt": [0.5911415443237888, 0.26725240357159175], "valvulophathy": [0.1995887418074661, 0.207046830026727], "surg_hist_2_non_surgical_site_infection": [0.7555409642269736, 0.24653180538422875], "alcohol": [0.016845743979373426, 0.1871694146764209], "stroke": [0.30021814276346936, 0.20714628734923246], "hepatitis": [0.10890520914129471, 0.2664766702930829], "loose_teeth": [0.30048356002977966, 0.2465753680669773], "insulin": [0.5820595490913452, 0.3085571853013066], "thyroid_disease": [0.40074434173924695, 0.18702440906546966], "prosthetic_teeth": [0.3006508163135778, 0.2664223418654058], "aldrete_activity_2": [0.09933187506035372, 0.7266276527092469], "current_op_type_other": [0.3737913617829196, 0.507255428202668], "gastro_intestinal": [0.27317127039177763, 0.4470745285658809], "HDU": [0.9200597424180125, 0.766514804059302], "full": [0.12679975470097252, 0.6082998889231542], "heart_failure": [0.19967133103755486, 0.1865831777115314], "aldrete_consciousness_1": [0.29990513949112835, 0.8063175869768823], "local": [0.7184101188696171, 0.4672767155519006], "anesthesia_consent": [0.47332733981727226, 0.38745551072505485], "PACU": [0.9199238491514654, 0.726822875262701], "aldrete_airway_2": [0.0990323292125355, 0.7464424884639985], "aldrete_breathing_0": [0.5185392982689767, 0.7651288962559394], "beta_blocker": [0.30983090098014476, 0.3076941781741137], "aldrete_breathing_2": [0.09893247905530428, 0.7660714132743971], "abnormal_bleeding": [0.3002988741690652, 0.22677160287600512], "urgent": [0.19065451784757526, 0.4060416145547789], "block": [0.7184036201343202, 0.4468706761410361], "aspirin": [0.10884894412100028, 0.3074031739708973], "prior_conditions_other": [0.4010420287891248, 0.2669847062317252], "surg_hist_1_none": [0.5913730505741004, 0.1875013581214592], "normal": [0.2539818552312288, 0.6279372372989765], "unknown": [0.9378929885304526, 0.28633013808936403], "mallampati_score_3": [0.32796039100659147, 0.5482885028326024], "limited_flexion": [0.3825818873744642, 0.6076612570243969], "patient_age_gt_55": [0.12658167350805544, 0.6474893634639984], "renal_failure": [0.40077711966239277, 0.20758602851733823], "dvt_prophylaxis": [0.47326230087158594, 0.48715975505985026], "plan_for_procedure_other": [0.8100773189854964, 0.4664466017338267], "surgical_consent": [0.4733497135338792, 0.40694421815035636], "asa_2": [0.017308589290393785, 0.40616416957922147], "aldrete_airway_1": [0.300096702758205, 0.7463373138249269], "aldrete_bp_0": [0.5185677443508897, 0.7857233429847404], "surg_hist_2_cardiac_arrest": [0.7278757332006329, 0.2663927637289839], "aldrete_airway_0": [0.5185260243393017, 0.7452966879682931], "statin": [0.44633345949212516, 0.3084550402903417], "asa_4": [0.017637982954058728, 0.44696626933136885], "general": [0.7185274757494767, 0.3865880712319536], "surg_hist_2_pneumonia": [0.8101366350335177, 0.26617976316931646], "minor": [0.19057112990383895, 0.46746640710663373], "surg_hist_1_other": [0.8828343655770284, 0.20656168726870888], "aldrete_activity_1": [0.30007803446938547, 0.7266936020879019], "breast": [0.27296870424796893, 0.38659579949629935], "angina": [0.108902415833785, 0.24655331403051897], "snores": [0.38254244425650424, 0.6468134365862571], "2_own_fingers": [0.25412596682802535, 0.5877778919956139], "special_monitoring": [0.8100684333570075, 0.4261992751450567], "orthopedic": [0.3737260230154133, 0.4065608845314785],