{
    "time_of_assessment_day_tens": [
        0.15468954144102154,
        0.042437080552842885
    ],
    "time_of_assessment_day_ones": [
        0.1726757609049479,
        0.04262437422010633
    ],
    "time_of_assessment_month_tens": [
        0.2368930691805753,
        0.04287110375298394
    ],
    "time_of_assessment_month_ones": [
        0.25493515199603456,
        0.04285875125461155
    ],
    "time_of_assessment_year_tens": [
        0.3188067349520597,
        0.04268514251708984
    ],
    "time_of_assessment_year_ones": [
        0.3367655343720407,
        0.042664884270562066
    ],
    "time_of_assessment_hour_tens": [
        0.4006649206912879,
        0.04238754492865669
    ],
    "time_of_assessment_hour_ones": [
        0.41850465901692707,
        0.04235902421739367
    ],
    "time_of_assessment_min_tens": [
        0.48237484648733425,
        0.04202077602810329
    ],
    "time_of_assessment_min_ones": [
        0.5003854462594696,
        0.04201409250895182
    ],
    "mrn_0": [
        0.043132897926099374,
        0.06288078308105469
    ],
    "mrn_1": [
        0.06150590561375473,
        0.0629414291381836
    ],
    "mrn_2": [
        0.08022945612127132,
        0.06310372467041016
    ],
    "mrn_3": [
        0.09938011539343633,
        0.06329738430447049
    ],
    "mrn_4": [
        0.11804346257990057,
        0.06351617516411676
    ],
    "mrn_5": [
        0.1365130966648911,
        0.06374136250813803
    ],
    "mrn_6": [
        0.1547234228885535,
        0.06384244944254558
    ],
    "mrn_7": [
        0.17304614905155066,
        0.06392825300428603
    ],
    "mrn_8": [
        0.1911018047910748,
        0.06404552764892578
    ],
    "age_hundreds": [
        0.4823733132102273,
        0.06343703138563368
    ],
    "age_tens": [
        0.5006270511511601,
        0.06337633192274304
    ],
    "age_ones": [
        0.5188975423177082,
        0.06344039543999566
    ],
    "height_hundreds": [
        0.8190626960523201,
        0.06391554870605468
    ],
    "height_tens": [
        0.8374046741832386,
        0.06380536431206596
    ],
    "height_ones": [
        0.855728837446733,
        0.06360227491590711
    ],
    "weight_hundreds": [
        0.9295284423828125,
        0.0627165010240343
    ],
    "weight_tens": [
        0.9478284246271308,
        0.06259974568684896
    ],
    "weight_ones": [
        0.9662317301432293,
        0.06252708672417534
    ],
    "preop_sys_hundreds": [
        0.6453529348662406,
        0.38691094021267364
    ],
    "preop_sys_tens": [
        0.6634829767400567,
        0.3868124810112847
    ],
    "preop_sys_ones": [
        0.6819208873401988,
        0.38675338270399306
    ],
    "preop_dia_hundreds": [
        0.6453008108428031,
        0.40639874267578124
    ],
    "preop_dia_tens": [
        0.6634539388020833,
        0.40634455973307293
    ],
    "preop_dia_ones": [
        0.6819633049242424,
        0.40622759467230907
    ],
    "preop_hr_hundreds": [
        0.6453158994732482,
        0.42635049913194445
    ],
    "preop_hr_tens": [
        0.6634481275153883,
        0.42625968831380207
    ],
    "preop_hr_ones": [
        0.6818428104285038,
        0.42624617784288193
    ],
    "preop_rr_tens": [
        0.6498018909801137,
        0.44655365261501734
    ],
    "preop_rr_ones": [
        0.6771458962180398,
        0.44653945583767357
    ],
    "preop_ox_hundreds": [
        0.6453209709398674,
        0.4669107096354167
    ],
    "preop_ox_tens": [
        0.6634457046046401,
        0.4668378228081598
    ],
    "preop_ox_ones": [
        0.6819136075106533,
        0.4667773166232639
    ],
    "hgb_tens": [
        0.5364240371241714,
        0.5476180881076389
    ],
    "hgb_ones": [
        0.5544196130001183,
        0.5477348849826389
    ],
    "hgb_frac": [
        0.5724961085464015,
        0.5477246853298612
    ],
    "hct_tens": [
        0.5364426620945786,
        0.5672394883897569
    ],
    "hct_ones": [
        0.5544710804332388,
        0.5673274197048611
    ],
    "hct_frac": [
        0.5725381950609612,
        0.567301247829861
    ],
    "plt_hundreds": [
        0.5363769845673533,
        0.5867337320963542
    ],
    "plt_tens": [
        0.5545034790039063,
        0.5867478488498264
    ],
    "plt_ones": [
        0.5725672385475853,
        0.5868329182942709
    ],
    "na_hundreds": [
        0.5364422866358901,
        0.6066811550564235
    ],
    "na_tens": [
        0.5545727650035512,
        0.6066547580295139
    ],
    "na_ones": [
        0.5726344438032671,
        0.606734836154514
    ],
    "k_ones": [
        0.5409838460286458,
        0.6266727376302084
    ],
    "k_frac": [
        0.5680798876213304,
        0.6267250298394097
    ],
    "cl_hundreds": [
        0.5365160300514915,
        0.6462582356770834
    ],
    "cl_tens": [
        0.5546106863310843,
        0.6463158013237849
    ],
    "cl_ones": [
        0.572778740160393,
        0.6464029215494792
    ],
    "urea_tens": [
        0.6360943270596591,
        0.5478733154296875
    ],
    "urea_ones": [
        0.6544080958510891,
        0.5479909993489583
    ],
    "urea_frac": [
        0.672474306048769,
        0.5480004991319444
    ],
    "creatinine_tens": [
        0.6361362563624526,
        0.5675699924045138
    ],
    "creatinine_ones": [
        0.6545011578184186,
        0.5676763210720486
    ],
    "creatinine_frac": [
        0.6725286384351327,
        0.5677245144314236
    ],
    "ca_ones": [
        0.6408305035215436,
        0.5871601155598959
    ],
    "ca_frac": [
        0.6679470473780776,
        0.5872530056423612
    ],
    "mg_ones": [
        0.6362913781368371,
        0.6070683485243056
    ],
    "mg_tenths": [
        0.6546053836706913,
        0.607212828233507
    ],
    "mg_hundredths": [
        0.6726405103278881,
        0.6072709960937499
    ],
    "po4_ones": [
        0.6363386748342803,
        0.627128138563368
    ],
    "po4_tenths": [
        0.6546668331261838,
        0.6272381184895834
    ],
    "po4_hundredths": [
        0.6726723706794508,
        0.6272917209201389
    ],
    "albumin_tens": [
        0.6410343535452179,
        0.6467655164930555
    ],
    "albumin_ones": [
        0.668089618104877,
        0.6469366455078125
    ],
    "aldrete_tens": [
        0.4098162194454309,
        0.7053829345703125
    ],
    "aldrete_ones": [
        0.42775323116418085,
        0.7053526394314236
    ],
    "pacu_sys_hundreds": [
        0.7556598011363637,
        0.7268235107421875
    ],
    "pacu_sys_tens": [
        0.7738790949041193,
        0.7267857042100695
    ],
    "pacu_sys_ones": [
        0.7921430479107482,
        0.7268016628689236
    ],
    "pacu_dia_hundreds": [
        0.7556770167495265,
        0.7465413140190973
    ],
    "pacu_dia_tens": [
        0.7738378425366952,
        0.7465599338107639
    ],
    "pacu_dia_ones": [
        0.7921358975497159,
        0.746550439453125
    ],
    "pacu_hr_hundreds": [
        0.7556921386718749,
        0.7662866427951389
    ],
    "pacu_hr_tens": [
        0.7738375207149621,
        0.7662563286675347
    ],
    "pacu_hr_ones": [
        0.7921045143821023,
        0.7662747395833333
    ],
    "pacu_rr_tens": [
        0.7602950217507102,
        0.7865857421875001
    ],
    "pacu_rr_ones": [
        0.7876730291193181,
        0.7863983289930555
    ],
    "pacu_ox_hundreds": [
        0.7556496840968276,
        0.8065984429253472
    ],
    "pacu_ox_tens": [
        0.7739150205669981,
        0.8065129611545139
    ],
    "pacu_ox_ones": [
        0.7921999437736742,
        0.8064880262586807
    ]
}